{
  "model_name": "SVM (Linear)",
  "train_accuracy": 0.9701413239825736,
  "cv_mean": 0.9671666564140363,
  "cv_std": 0.0028517306115049424,
  "test_accuracy": 0.9709965294992563,
  "train_time": 70.34209680557251
}