{
  "model_name": "KNN (Manual, k=5)",
  "train_accuracy": 0.999681224099458,
  "cv_mean": 0.9986186038400522,
  "cv_std": 0.0006376760276254215,
  "test_accuracy": 0.999008428358949,
  "train_time": 1.0971760749816895
}