{
  "model_name": "SVM (Poly)",
  "train_accuracy": 0.9912867920518542,
  "cv_mean": 0.9857611844440693,
  "cv_std": 0.0032134267067649696,
  "test_accuracy": 0.9903321764997521,
  "train_time": 1.2913289070129395
}