{
  "model_name": "SVM (RBF)",
  "train_accuracy": 0.996068430559983,
  "cv_mean": 0.99362453813781,
  "cv_std": 0.0013853097065243036,
  "test_accuracy": 0.9947942488844819,
  "train_time": 2.082967758178711
}